9.6,9.6,9.6,9.6,9.4,9.6,9.5,9.5,9.7,9.6,9.5,9.6,9.4,9.4,9.5,9.4,9.5,9.6,9.5,9.5,9.5,9.6,9.5,9.5,9.8,9.5,9.4,9.5,9.5,9.6,9.5,9.5,9.6,9.8,9.5,9.5,9.6,9.5,9.6,9.4,9.5,9.6,9.7,9.6,9.5,9.5,9.6,9.4,9.6,9.6,9.5,9.6,9.9,9.7,9.4,9.5,9.5,9.5,9.6,9.5,9.5,9.7,9.4,9.4,9.5,9.4,9.6,9.6,9.5,9.6,9.4,9.6,9.5,9.6,9.6,9.5,9.5,9.7,9.4,9.5,9.5,9.6,9.5,9.6,9.4,9.4,9.4,9.5,9.8,9.6,9.4,9.5,9.5,9.5,9.4,9.6,9.5,9.4,9.4,9.4,9.4,9.6,9.4,9.5,9.4,9.5,9.5,9.6,9.5,9.5,9.5,9.3,9.5,9.6,9.5,9.6,9.6,9.5,9.5,9.4,9.5,9.6,9.5,9.5,9.3,9.4,9.5,9.4,9.7,9.6,9.6,9.7,9.5,9.4,9.5,9.4,9.6,9.6,9.5,9.4,9.5,9.7,9.8,9.6,9.6,9.5,9.6,9.5,9.7,9.5,9.5,9.5,9.5,9.5,9.7,9.6,9.7,9.6,9.5,9.5,9.6,9.5,9.5,9.6,9.6,9.4,9.5,9.5,9.5,9.5,9.3,9.5,9.8,9.7,9.6,9.5,9.5,9.5,9.5,9.6,9.4,9.3,9.5,9.4,9.8,9.7,9.6,9.4,9.5,9.5,9.5,9.5,9.6,9.6,9.6,9.6,9.4,9.5,9.4,9.5,9.4,9.6,9.6,9.6,9.6,9.4,9.4,9.4,9.5,9.7,9.6,9.5,9.6,9.6,9.4,9.5,9.6,9.6,9.5,9.6,9.6,9.5,10.0,9.6,9.6,9.6,9.6,9.4,9.6,9.5,9.5,9.5,9.4,9.4,9.5,9.5,9.5,9.6,9.7,9.5,9.6,9.5,9.6,9.5,9.5,9.5,9.6,9.4,9.5,9.6,9.4,9.5,9.5,9.5,9.5,9.5,9.6,9.6,9.5,9.6,9.6,9.5,9.6,9.5,9.7,9.7,9.6,9.4,9.4,9.4,9.4,9.5,9.5,9.5,9.4,9.5,9.5,9.5,9.5,9.6,9.5,9.6,9.6,9.5,9.5,9.4,9.6,9.3,9.4,9.5,9.5,9.5,9.7,9.6,9.5,9.3,9.6,9.6,9.6,9.5,9.4,9.6,9.4,9.6,9.5,9.5,9.6,9.5,9.4,9.7,9.7,9.5,9.6,9.5,9.6,9.6,9.5,9.4,9.4,9.5,9.5,9.4,9.4,9.7,9.7,9.7,9.5,9.4,9.5,9.7,9.5,9.5,9.4,9.4,9.7,9.5,9.6,9.5,9.5,9.5,9.5,9.6,9.6,9.6,9.7,9.6,9.6,9.5,9.4,9.7,9.6,9.6,9.6,9.3,9.5,9.6,9.5,9.6,9.5,9.4,9.5,9.5,9.4,9.6,9.6,9.5,9.7,9.7,9.5,9.5,9.5,9.5,9.4,9.5,9.6,9.4,9.4,9.4,9.5,9.3,9.3,9.5,9.4,9.6,9.5,9.5,9.4,9.5,9.5,9.5,9.7,9.6,9.7,9.3,9.5,9.5,9.4,9.6,9.5,9.6,9.7,9.4,9.6,9.4,9.6,9.4,9.4,9.4,9.5,9.6,9.6,9.6,9.5,9.5,9.6,9.5,9.7,9.4,9.4,9.3,9.5,9.6,9.5,9.7,9.6,9.5,9.6,9.5,9.7,9.5,9.5,9.6,9.4,9.6,9.7,9.5,9.7,9.7,9.6,9.7,9.7,9.4,9.5,9.5,9.4,9.6,9.6,9.7,9.5,9.5,9.3,9.4,9.4,9.7,9.5,9.6,9.6,9.5,9.6,9.5,9.5,9.5,9.5,9.5,9.6,9.5,9.5,9.6,9.4,9.5,9.5,9.5,9.6,9.5,9.5,9.4,9.5,9.4,9.4,9.5,9.4,9.6,9.6,9.5,9.6,9.5,9.5,9.5,9.6,9.4,9.5,9.4,9.5,9.6,9.7,9.4,9.5,9.5,9.5,9.5,9.5,9.5,9.7,9.5,9.5,9.6,9.4,9.6,9.4,9.6,9.7,9.7
10.3,10.3,10.3,10.1,10.1,10.3,10.3,10.2,10.3,10.4,10.7,10.3,10.2,10.1,10.2,10.1,10.2,10.3,10.2,10.4,10.2,10.2,10.2,10.2,10.4,10.2,10.2,10.3,10.4,10.3,10.1,10.1,10.4,10.4,10.1,10.3,10.3,10.3,10.3,10.3,10.2,10.4,10.4,10.3,10.3,10.2,10.3,10.3,10.3,10.3,10.3,10.4,10.2,10.3,10.2,10.3,10.4,10.2,10.3,10.1,10.2,10.3,10.2,10.2,10.2,10.2,10.2,10.3,10.2,10.3,10.5,10.2,10.2,10.3,10.5,10.2,10.4,10.2,10.3,10.2,10.3,10.3,10.3,10.1,10.1,10.2,10.3,10.2,10.4,10.4,10.2,10.3,10.3,10.1,10.2,10.2,10.3,10.2,10.2,10.2,10.3,10.3,10.2,10.1,10.2,10.1,10.3,10.3,10.2,10.3,10.3,10.2,10.3,10.2,10.1,10.4,10.3,10.2,10.3,10.1,10.1,10.6,10.2,10.2,10.2,10.3,10.2,10.3,10.4,10.2,10.2,10.3,10.4,10.2,10.1,10.2,10.2,10.2,10.1,10.2,10.4,10.3,10.4,10.4,10.3,10.2,10.2,10.4,10.2,10.2,10.1,10.3,10.3,10.2,10.3,10.2,10.3,10.4,10.3,10.3,10.3,10.2,10.1,10.2,10.4,10.3,10.3,10.2,10.2,10.2,10.2,10.1,10.3,10.1,10.3,10.3,10.4,10.2,10.3,10.3,10.3,10.2,10.4,10.2,10.3,10.4,10.3,10.4,10.2,10.5,10.3,10.2,10.1,10.3,10.5,10.4,10.3,10.2,10.2,10.1,10.3,10.1,10.3,10.5,10.4,10.2,10.1,10.3,10.4,10.3,10.4,10.2,10.3,10.2,10.2,10.2,10.5,10.2,10.4,10.4,10.3,10.3,10.3,10.2,10.5,10.3,10.4,10.3,10.2,10.2,10.3,10.2,10.2,10.3,10.3,10.2,10.2,10.3,10.1,10.2,10.7,10.4,10.2,10.3,10.2,10.2,10.2,10.3,10.5,10.2,10.2,10.2,10.2,10.3,10.2,10.2,10.3,10.1,10.3,10.2,10.2,10.4,10.3,10.3,10.4,10.4,10.3,10.3,10.3,10.1,10.3,10.1,10.2,10.1,10.3,10.2,10.5,10.3,10.2,10.3,10.5,10.3,10.4,10.3,10.1,10.2,10.3,10.2,10.2,10.4,10.4,10.4,10.2,10.5,10.4,10.2,10.4,10.2,10.3,10.1,10.2,10.4,10.3,10.3,10.5,10.1,10.1,10.3,10.2,10.4,10.3,10.3,10.4,10.3,10.1,10.3,10.3,10.2,10.2,10.2,10.2,10.2,10.2,10.3,10.2,10.2,10.3,10.3,10.4,10.3,10.2,10.4,10.3,10.3,10.3,10.2,10.4,10.2,10.1,10.1,10.1,10.4,10.3,10.2,10.4,10.4,10.4,10.3,10.4,10.2,10.2,10.2,10.4,10.2,10.1,10.2,10.2,10.2,10.1,10.1,10.3,10.4,10.4,10.3,10.3,10.3,10.3,10.2,10.6,10.1,10.2,10.2,10.2,10.3,10.4,10.3,10.3,10.3,10.1,10.3,10.2,10.2,10.2,10.1,10.3,10.1,10.2,10.3,10.2,10.5,10.3,10.3,10.3,10.1,10.3,10.2,10.3,10.4,10.3,10.4,10.4,10.3,10.1,10.4,10.3,10.2,10.3,10.0,10.2,10.1,10.2,10.3,10.4,10.4,10.3,10.2,10.5,10.2,10.2,10.3,10.1,10.2,10.4,10.3,10.2,10.2,10.3,10.5,10.2,10.3,10.2,10.4,10.4,10.4,10.3,10.3,10.4,10.2,10.3,10.4,10.4,10.3,10.2,10.3,10.2,10.3,10.7,10.4,10.3,10.2,10.3,10.1,10.2,10.0,10.2,10.2,10.5,10.6,10.5,10.2,10.3,10.2,10.3,10.3,10.3,10.4,10.2,10.3,10.2,10.2,10.2,10.1,10.3,10.2,10.2,10.2,10.2,10.2,10.3,10.0,10.3,10.2,10.3,10.4,10.4,10.2,10.1,10.2,10.3,10.1,10.3,10.2,10.4,10.2,10.3,10.1,10.3,10.2,10.2,10.2,10.3,10.3,10.3,10.2,10.4,10.4,10.3,10.2,10.2,10.3,10.2,10.3
11.8,11.8,11.8,11.6,11.6,11.6,11.9,11.7,11.8,11.7,11.8,11.7,11.8,11.7,11.6,11.7,11.6,11.8,11.6,11.9,11.7,11.6,11.7,11.7,11.7,11.8,11.7,11.9,11.9,11.8,11.6,11.7,11.9,12.0,11.7,11.8,11.9,11.8,11.8,11.7,11.7,11.7,11.8,11.8,12.0,11.6,11.8,11.6,11.6,11.6,11.7,11.8,11.8,11.8,11.6,11.7,11.8,11.7,11.7,11.8,11.7,11.6,11.6,11.6,11.7,11.6,11.5,11.7,11.5,11.8,11.8,11.7,11.9,11.8,11.7,11.8,11.9,11.8,11.7,11.7,11.8,11.8,11.7,12.0,11.7,11.6,11.7,11.7,11.8,11.9,11.8,11.7,11.8,11.7,11.7,11.7,11.9,11.6,11.6,11.8,11.8,11.7,11.8,11.6,11.6,11.7,11.8,11.7,11.9,11.7,11.6,11.5,11.6,11.8,11.7,11.7,11.7,11.7,11.8,11.7,11.8,11.9,11.5,11.5,11.6,11.6,11.7,11.7,11.8,11.8,11.7,11.7,11.8,11.8,11.7,11.7,11.7,11.6,11.6,11.7,11.9,11.8,11.8,11.7,11.7,11.7,11.7,11.8,11.6,11.8,11.8,11.6,11.8,11.7,11.9,11.8,11.8,11.8,11.5,11.8,12.0,11.7,11.8,11.8,11.7,11.5,11.8,11.5,11.7,11.6,11.5,11.7,11.9,11.6,11.7,11.5,11.7,11.7,11.8,11.7,11.5,11.8,11.8,11.7,11.8,11.9,11.7,11.6,11.7,11.9,11.9,11.6,11.7,11.6,11.9,11.8,11.6,11.6,11.7,11.7,11.6,11.7,11.7,11.8,11.9,11.6,11.7,12.0,11.6,11.7,11.8,11.7,11.8,11.7,11.6,11.7,11.7,11.9,11.7,11.7,11.9,11.8,11.6,11.7,11.8,11.9,11.8,11.8,11.8,11.6,11.6,11.7,11.6,11.7,11.8,11.7,11.8,11.7,11.6,11.6,11.6,11.9,11.8,11.9,11.6,11.6,11.5,11.6,11.7,11.8,11.6,11.6,11.7,11.6,11.7,11.6,12.1,11.6,11.6,11.6,11.8,11.7,11.9,11.6,11.8,11.8,11.7,11.6,11.7,11.6,11.5,11.6,11.6,11.5,11.6,11.7,11.7,11.8,11.7,11.9,11.7,12.0,11.8,11.8,11.5,11.8,11.7,11.6,11.6,11.8,11.9,11.9,11.6,11.7,12.0,11.6,11.7,11.8,11.6,11.8,11.7,11.8,11.5,11.8,11.8,11.8,11.7,11.8,11.6,11.7,11.8,11.7,11.8,11.8,11.7,11.9,11.6,11.6,11.5,11.7,11.7,11.6,11.6,11.9,11.6,11.8,11.7,11.7,11.9,11.9,11.7,11.6,11.7,11.7,11.7,11.7,11.8,11.8,11.6,11.6,11.6,11.7,11.8,11.9,12.0,11.8,11.8,11.8,11.8,11.8,11.7,11.6,11.8,11.7,11.7,11.8,11.6,11.7,11.8,11.6,11.7,11.8,11.6,11.8,11.7,11.6,11.9,11.9,12.1,11.7,11.5,11.7,11.5,11.6,11.8,11.5,11.7,11.9,11.7,11.7,11.6,11.9,11.8,11.7,11.6,11.6,11.7,11.7,11.5,12.0,11.7,11.9,11.8,11.7,11.7,11.6,11.6,11.8,11.7,11.6,11.7,11.8,11.7,11.7,11.8,11.7,11.5,11.7,11.6,11.6,11.7,11.7,11.9,11.8,11.8,11.7,11.8,11.7,11.7,11.8,11.6,11.8,11.9,11.8,12.0,11.6,11.7,11.8,11.9,11.8,11.8,11.7,11.7,11.7,11.6,11.9,11.7,11.8,11.8,11.7,11.7,11.7,11.7,11.7,11.6,11.8,11.8,11.8,11.7,11.8,11.6,11.7,11.7,11.8,11.8,11.8,11.7,11.9,11.8,11.8,11.9,11.6,11.7,11.6,11.6,11.9,11.7,11.9,11.7,11.7,11.6,11.6,11.6,12.0,11.7,11.6,11.7,11.8,11.7,11.7,11.7,11.8,11.8,12.0,11.8,11.6,11.7,11.6,11.8,11.6,11.7,11.6,12.2,11.8,11.6,11.7,11.6,11.7,11.8,11.7,11.7,11.7,11.8,11.7,11.7,11.8,11.7,11.8,11.6,11.8,11.8,11.6
12.3,12.3,12.3,12.3,12.2,12.1,12.2,12.0,12.4,12.3,12.4,12.2,12.2,12.1,12.2,12.1,12.2,12.2,12.2,12.3,12.3,12.2,12.4,12.1,12.5,12.1,12.2,12.2,12.5,12.3,12.3,12.1,12.4,12.2,12.2,12.2,12.4,12.1,12.3,12.2,12.2,12.3,12.3,12.2,12.2,12.1,12.3,12.1,12.2,12.2,12.2,12.2,12.4,12.3,12.1,12.0,12.3,12.1,12.3,12.1,12.3,12.3,12.2,12.3,12.1,12.2,12.2,12.2,12.3,12.1,12.2,12.2,12.2,12.3,12.3,12.2,12.3,12.2,12.2,12.2,12.2,12.0,12.3,12.2,12.2,12.1,12.2,12.0,12.4,12.2,12.3,12.2,12.3,12.2,12.2,12.3,12.3,12.3,12.2,12.1,12.3,12.1,12.3,12.4,12.2,12.2,12.4,12.2,12.2,12.1,12.2,12.1,12.2,12.1,12.3,12.1,12.4,12.2,12.4,12.0,12.3,12.4,12.2,12.2,12.1,12.0,12.1,12.1,12.5,12.4,12.2,12.2,12.3,12.2,12.2,12.0,12.3,12.1,12.3,12.0,12.3,12.3,12.4,12.2,12.3,12.1,12.2,12.2,12.4,12.2,12.2,12.1,12.3,12.0,12.2,12.3,12.4,12.3,12.3,12.1,12.3,12.0,12.4,12.2,12.4,12.1,12.3,12.1,12.3,12.1,12.2,12.1,12.3,12.1,12.5,12.1,12.2,12.1,12.3,12.3,12.2,12.2,12.3,12.1,12.4,12.3,12.4,12.2,12.3,12.1,12.3,12.1,12.2,12.3,12.3,12.2,12.2,12.3,12.2,12.1,12.2,12.1,12.3,12.2,12.5,12.1,12.1,12.2,12.2,12.2,12.4,12.2,12.4,12.3,12.1,12.2,12.3,12.4,12.3,12.2,12.2,12.3,12.3,12.2,12.2,12.3,12.3,12.3,12.3,12.1,12.2,12.1,12.3,12.2,12.4,12.1,12.2,12.2,12.4,12.0,12.4,12.3,12.3,12.2,12.2,12.3,12.2,12.0,12.2,12.1,12.3,12.2,12.2,12.3,12.3,12.2,12.5,12.1,12.4,12.2,12.1,12.1,12.3,12.1,12.4,12.2,12.4,12.1,12.0,12.1,12.2,12.1,12.2,12.1,12.2,12.2,12.3,12.2,12.3,12.2,12.5,12.2,12.3,12.2,12.3,12.2,12.3,12.2,12.3,12.3,12.4,12.3,12.3,12.3,12.1,12.1,12.4,12.3,12.4,12.2,12.1,12.1,12.3,12.1,12.3,12.2,12.4,12.1,12.3,12.3,12.1,12.1,12.4,12.4,12.3,12.1,12.2,12.1,12.3,12.1,12.2,12.1,12.2,12.2,12.3,12.2,12.5,12.2,12.4,12.3,12.3,12.1,12.2,12.1,12.2,12.1,12.3,12.0,12.3,12.1,12.4,12.2,12.3,12.1,12.2,12.2,12.4,12.3,12.3,12.4,12.3,12.1,12.2,12.3,12.3,12.2,12.2,12.2,12.1,12.2,12.2,12.3,12.2,12.2,12.3,12.1,12.3,12.5,12.3,12.3,12.3,12.1,12.1,12.1,12.3,12.3,12.2,12.3,12.1,12.1,12.2,12.3,12.3,12.1,12.2,12.1,12.2,12.3,12.3,12.1,12.4,12.3,12.3,12.1,12.1,12.0,12.2,12.3,12.2,12.2,12.3,12.2,12.3,12.2,12.4,12.1,12.3,12.1,12.2,12.2,12.3,12.0,12.3,12.3,12.4,12.2,12.3,12.0,12.1,12.0,12.1,12.2,12.3,12.4,12.4,12.3,12.3,12.2,12.3,12.2,12.2,12.0,12.2,12.1,12.3,12.2,12.5,12.3,12.4,12.3,12.4,12.1,12.3,12.3,12.2,12.2,12.4,12.1,12.1,12.1,12.2,12.1,12.3,12.1,12.3,12.3,12.4,12.2,12.3,12.2,12.3,12.4,12.3,12.1,12.3,12.3,12.2,12.1,12.2,12.0,12.3,12.1,12.2,12.2,12.3,12.0,12.1,12.2,12.4,12.1,12.2,12.4,12.4,12.1,12.3,12.2,12.2,12.1,12.3,12.0,12.3,12.1,12.3,12.2,12.4,12.0,12.5,12.1,12.3,12.1,12.2,12.2,12.4,12.1,12.2,12.3,12.3,12.2,12.3,12.3,12.4,12.1
13.7,13.7,13.7,13.7,13.7,13.5,13.7,13.7,13.7,13.9,13.7,13.6,13.6,13.7,13.6,13.6,13.6,13.8,13.7,13.5,13.6,13.6,13.7,13.6,13.6,13.6,13.7,13.8,13.8,13.7,13.7,13.6,13.7,14.0,13.6,13.8,13.8,13.8,13.6,13.6,13.6,13.8,13.7,13.7,13.7,13.8,13.7,13.8,13.8,13.7,13.8,13.6,13.8,13.7,13.7,13.6,13.7,13.6,13.6,13.7,13.9,13.7,13.5,13.7,13.7,13.7,13.6,13.6,14.1,13.6,13.4,13.6,13.7,13.8,13.8,13.8,13.7,13.7,13.6,13.6,13.5,13.6,13.6,13.5,13.6,13.6,13.6,13.7,13.8,13.7,13.6,13.5,13.6,13.8,13.7,13.8,13.8,13.7,13.6,13.6,13.6,13.6,13.6,13.7,13.6,13.8,13.7,13.7,13.6,13.7,13.6,13.6,13.6,13.6,14.1,13.7,13.6,13.7,13.7,13.7,13.5,13.7,13.6,13.6,13.6,13.5,13.6,13.6,13.8,13.8,13.7,13.9,13.9,13.6,13.5,13.7,13.6,13.7,13.8,13.7,13.7,13.9,13.7,13.6,13.8,13.6,13.7,13.8,13.8,13.9,13.7,13.6,13.8,13.7,14.0,13.7,13.7,13.8,13.6,13.9,13.6,13.6,13.7,14.0,13.8,13.5,13.7,13.6,13.6,13.6,13.5,13.8,13.7,13.6,13.8,13.7,13.7,13.6,13.7,13.8,13.6,13.8,13.6,13.5,13.8,13.8,13.7,13.8,13.6,13.7,13.6,13.6,13.6,13.6,13.5,13.7,13.5,13.6,13.6,13.6,13.7,13.7,13.8,13.6,13.6,13.6,13.6,13.8,13.6,13.6,13.8,13.7,13.6,13.7,13.7,13.7,13.6,13.7,13.7,13.9,13.8,13.7,13.7,13.7,13.8,13.7,13.8,13.7,13.8,13.6,13.8,13.5,13.6,13.7,13.9,13.6,13.7,13.7,13.6,13.7,14.0,13.8,13.9,13.8,13.6,13.6,13.8,13.7,13.7,13.8,13.5,13.7,13.8,13.8,13.6,13.6,13.6,13.7,13.7,13.8,13.8,13.5,13.6,13.8,13.7,13.9,13.7,13.6,13.6,13.8,13.4,13.5,13.6,13.6,13.6,13.5,13.6,13.7,13.8,13.8,14.0,13.8,13.7,13.7,13.7,13.8,13.8,13.7,13.7,13.7,13.7,13.8,13.5,13.8,13.6,13.7,13.8,13.7,13.5,13.7,13.6,13.7,13.5,13.7,13.6,13.7,13.7,13.7,13.7,13.8,13.8,13.6,13.6,13.6,13.6,13.6,13.5,13.6,13.7,13.7,13.6,13.6,13.5,13.7,13.6,13.8,13.6,13.6,13.7,13.9,13.8,13.7,13.6,13.6,13.6,13.5,13.8,13.7,13.7,13.7,13.7,13.8,13.7,13.7,13.6,13.8,13.7,13.7,13.7,13.8,13.7,13.6,13.8,13.7,13.7,13.7,13.7,13.6,13.6,13.5,13.6,13.7,13.6,13.7,13.5,13.7,13.7,13.8,14.5,13.7,13.5,13.5,13.7,13.6,13.8,13.5,13.5,13.7,13.6,13.5,13.5,13.7,13.7,13.6,13.6,13.6,13.5,13.6,13.8,13.8,13.8,13.8,13.8,13.6,13.7,13.6,13.7,13.7,13.6,13.6,13.6,13.7,13.6,13.7,13.8,13.7,13.5,13.5,13.6,13.7,13.6,13.8,13.8,13.9,13.8,13.7,13.7,13.6,13.6,13.7,13.5,13.6,13.8,13.7,14.1,13.7,13.6,13.8,13.6,13.7,13.7,13.6,13.8,13.7,13.8,13.8,13.7,13.8,13.7,13.7,13.7,13.7,13.6,13.7,13.6,13.9,13.8,13.6,13.5,13.5,13.5,13.5,13.6,13.7,13.6,13.8,13.8,13.8,13.8,13.7,13.7,13.7,13.8,13.6,13.6,13.9,13.7,13.7,13.6,13.6,13.9,13.7,13.6,13.6,13.7,13.6,13.7,13.7,13.7,13.6,13.7,13.7,13.7,13.7,13.7,13.6,13.6,13.7,13.7,13.7,13.6,13.7,13.8,13.8,13.8,13.6,13.6,13.6,13.7,13.6,13.6,13.6,13.7,13.7,13.7,13.6,13.7,13.7,13.5,13.8,13.8,13.7
14.4,14.2,14.2,14.3,14.1,14.1,14.4,14.2,14.2,14.4,14.4,14.3,14.2,14.0,14.1,14.0,14.2,14.2,14.1,14.3,14.1,14.2,14.3,14.2,14.2,14.2,14.1,14.2,14.3,14.3,14.1,14.4,14.4,14.2,14.0,14.3,14.3,14.3,14.3,14.2,14.0,14.3,14.2,14.2,14.3,14.2,14.2,14.1,14.3,14.2,14.3,14.4,14.3,14.4,14.2,14.0,14.2,14.3,14.1,14.1,14.4,14.2,14.1,14.1,14.2,14.0,14.1,14.2,14.2,14.2,14.2,14.2,14.1,14.2,14.2,14.2,14.4,14.2,14.2,14.1,14.1,14.2,14.2,14.2,14.1,14.2,14.2,14.1,14.3,14.4,14.2,14.1,14.2,14.2,14.0,14.3,14.3,14.1,14.1,14.3,14.1,14.1,14.3,14.4,14.2,14.2,14.2,14.3,14.2,14.3,14.1,14.0,14.2,14.1,14.3,14.4,14.3,14.1,14.3,14.2,14.1,14.2,14.1,14.2,14.1,14.2,14.1,14.1,14.4,14.2,14.1,14.3,14.1,14.3,14.2,14.3,14.1,14.2,14.1,14.0,14.3,14.2,14.4,14.1,14.4,14.2,14.1,14.2,14.2,14.3,14.3,14.1,14.2,14.1,14.1,14.2,14.4,14.3,14.1,14.1,14.4,14.1,14.2,14.3,14.2,14.2,14.5,14.0,14.0,14.2,14.0,14.2,14.3,14.2,14.2,14.1,14.2,14.2,14.3,14.2,14.1,14.2,14.4,14.3,14.2,14.3,14.2,14.1,14.2,14.2,14.1,14.0,14.2,14.0,14.1,14.3,14.2,14.1,14.2,14.2,14.1,14.2,14.2,14.3,14.3,14.0,14.2,14.2,14.3,14.0,14.2,14.4,14.4,14.2,14.4,14.3,14.0,14.3,14.3,14.2,14.3,14.4,14.2,14.2,14.3,14.3,14.1,14.6,14.3,14.2,14.2,14.1,14.2,14.3,14.3,14.2,14.4,14.1,14.2,14.4,14.3,14.2,14.2,14.4,14.1,14.1,14.2,14.2,14.2,14.3,14.1,14.2,14.4,14.3,14.0,14.1,14.3,14.2,14.3,14.2,14.2,14.3,14.4,14.1,14.3,14.4,14.2,14.1,14.2,14.2,14.2,14.1,14.3,14.1,14.1,14.3,14.1,14.1,14.3,14.3,14.2,14.3,14.3,14.2,14.5,14.3,14.2,14.1,14.3,14.3,14.3,14.4,14.1,14.3,14.3,14.1,14.2,14.4,14.2,14.1,14.2,14.1,14.3,14.3,14.6,14.0,14.2,14.3,14.1,14.2,14.1,14.2,14.2,14.1,14.1,14.2,14.1,14.1,14.1,14.1,14.2,14.1,14.2,14.2,14.1,14.3,14.3,14.4,14.3,14.3,14.3,14.1,14.3,14.2,14.2,14.2,14.3,14.1,14.2,14.2,14.1,14.3,14.3,14.2,14.2,14.4,14.3,14.3,14.4,14.3,14.1,14.1,14.3,14.6,14.3,14.2,14.2,14.2,14.2,14.2,14.1,14.2,14.0,14.2,14.2,14.1,14.2,14.5,14.4,14.2,14.1,14.2,14.1,14.1,14.3,14.2,14.2,14.3,14.0,14.2,14.2,14.4,14.2,14.1,14.2,14.1,14.2,14.2,14.1,14.0,14.3,14.3,14.2,14.1,14.2,14.0,14.2,14.4,14.2,14.2,14.3,14.2,14.1,14.3,14.1,14.3,14.2,14.1,14.1,14.3,14.1,14.2,14.5,14.2,14.1,14.3,14.3,14.0,14.1,14.2,14.1,14.2,14.2,14.2,14.2,14.1,14.2,14.2,14.1,14.1,14.1,14.1,14.3,14.1,14.2,14.3,14.2,14.2,14.4,14.4,14.1,14.3,14.2,14.1,14.1,14.5,14.3,14.1,14.2,14.2,14.1,14.1,14.1,14.0,14.1,14.2,14.3,14.4,14.3,14.0,14.3,14.3,14.2,14.1,14.2,14.1,14.1,14.4,14.2,14.1,14.3,14.0,14.1,14.1,14.2,14.1,14.3,14.3,14.2,14.0,14.4,14.2,14.3,14.2,14.3,14.0,14.1,14.1,14.0,14.2,14.3,14.1,14.3,14.2,14.3,14.1,14.1,14.1,14.1,14.2,14.1,14.1,14.4,14.1,14.2,14.2,14.1,14.2,14.3,14.2,14.2,14.2
16.0,15.8,15.8,15.8,15.6,15.7,15.6,15.9,15.8,15.8,15.7,15.8,15.6,15.8,16.1,15.6,15.7,15.8,15.8,15.7,15.7,15.7,15.8,15.6,15.9,15.7,15.7,15.8,15.9,15.7,15.7,16.3,15.9,16.1,15.7,15.8,15.9,15.9,15.7,15.7,15.9,15.8,15.7,15.8,15.8,15.7,15.7,15.7,15.8,15.7,16.0,15.7,15.8,15.8,15.8,15.8,15.8,15.6,15.7,15.7,15.8,15.8,15.7,15.6,15.6,15.7,15.6,15.6,15.6,15.7,15.7,15.7,15.8,15.8,15.8,15.8,15.8,15.8,15.7,15.7,15.6,15.8,15.9,15.6,15.8,15.5,15.8,15.9,15.8,16.0,15.6,15.8,15.6,15.7,15.8,15.8,15.6,15.8,15.7,15.7,15.6,15.8,15.6,15.8,15.9,15.9,15.6,15.8,15.7,15.7,15.6,15.7,15.6,15.8,15.9,15.8,15.8,15.7,15.7,15.9,15.7,15.7,15.8,15.6,15.8,15.6,15.7,15.7,15.8,15.9,15.7,15.8,15.7,15.8,15.8,15.8,15.7,15.7,15.7,15.6,15.9,15.8,15.9,15.6,15.8,15.7,15.7,15.8,15.9,15.6,15.7,15.6,15.8,15.6,16.0,15.8,15.9,15.8,15.7,15.7,15.7,15.6,15.8,15.9,15.7,15.7,15.6,15.7,15.7,15.6,15.6,15.7,15.8,15.6,15.8,15.8,15.8,15.8,15.7,15.8,15.7,15.7,15.7,15.7,15.8,15.8,15.6,15.8,15.7,15.8,15.6,15.7,15.8,15.8,15.7,15.6,15.6,15.6,15.7,15.6,15.6,16.0,15.8,15.7,15.7,15.7,15.8,15.7,15.6,15.9,15.7,15.8,15.9,15.8,15.8,15.7,15.8,15.7,15.6,15.8,15.8,15.8,15.7,15.6,15.8,15.7,15.6,15.7,15.8,16.1,15.7,15.7,15.6,15.8,15.7,15.6,15.7,15.7,15.8,15.7,15.9,15.8,15.8,15.9,15.8,15.7,15.7,15.7,15.8,15.8,15.8,15.6,15.9,16.0,15.6,15.7,15.8,15.6,15.8,15.7,15.7,15.7,15.9,15.6,15.7,15.9,15.9,15.6,15.6,15.9,15.8,15.6,15.7,15.6,15.6,15.6,15.8,15.7,15.8,15.8,15.9,15.8,15.8,15.8,15.6,16.0,15.9,15.8,15.8,15.8,15.8,15.9,15.7,15.8,15.9,15.7,15.9,16.0,15.5,15.7,15.6,15.7,15.6,15.6,15.7,15.8,15.7,15.6,15.8,15.6,15.6,15.6,15.8,15.7,15.6,15.6,15.8,15.8,15.6,15.7,15.8,15.7,15.7,15.9,15.6,15.8,15.6,15.8,15.8,16.1,15.8,15.7,15.7,15.9,15.7,15.6,15.7,15.8,15.7,15.7,15.8,15.7,16.0,15.7,15.8,15.7,15.9,15.7,15.8,15.8,15.7,15.6,15.8,15.7,15.6,15.8,15.6,15.7,15.6,15.6,15.6,15.7,15.9,15.7,15.6,15.8,15.8,18.1,16.0,15.7,15.7,15.6,15.7,15.8,15.9,15.8,15.7,15.6,15.7,15.8,15.6,15.9,15.7,15.8,15.6,15.5,15.6,15.6,16.1,15.7,15.7,15.8,15.7,15.8,15.8,15.6,15.7,15.8,15.7,15.7,15.7,15.7,15.7,15.9,15.9,15.9,15.6,15.7,15.7,15.7,15.6,15.7,15.8,15.8,15.7,15.7,15.8,15.6,15.7,15.6,15.6,15.8,15.8,15.7,15.7,15.8,15.8,15.9,15.6,15.6,15.7,15.7,15.8,15.7,15.7,15.8,15.8,15.9,15.8,15.7,15.9,15.7,15.7,15.8,15.7,15.7,15.9,15.8,15.6,15.7,15.8,15.8,15.6,15.7,15.8,15.7,15.8,15.8,15.8,15.8,15.7,15.7,15.7,15.7,15.8,15.8,15.7,15.7,15.7,15.8,15.7,15.7,15.6,15.7,15.7,15.7,15.7,15.7,15.8,15.6,15.5,15.8,15.8,15.7,15.8,15.6,15.8,15.9,15.7,15.7,15.7,15.6,15.8,15.7,15.8,15.6,15.6,15.7,15.6,15.6,15.7,15.7,15.8,15.7,15.6,15.6,15.5,15.8,15.8,15.6,15.9,15.6
16.3,16.4,16.4,16.4,16.3,16.2,16.3,16.3,16.4,16.3,16.3,16.3,16.2,16.1,16.3,16.2,16.2,16.2,16.2,16.3,16.2,16.2,16.3,16.2,16.4,16.2,16.2,16.4,16.4,16.4,16.2,16.2,16.2,16.4,16.2,16.4,16.3,16.5,16.2,16.2,16.5,16.3,16.3,16.4,16.3,16.3,16.4,16.2,16.3,16.2,16.4,16.3,16.4,16.3,16.3,16.1,16.4,16.2,16.3,16.2,16.3,16.3,16.3,16.2,16.2,16.3,16.4,16.2,16.1,16.1,16.2,16.4,16.2,16.3,16.4,16.3,16.5,16.4,16.1,16.3,16.2,16.3,16.3,16.2,16.2,16.4,16.2,16.3,16.4,16.3,16.1,16.4,16.3,16.2,16.4,16.3,16.2,16.2,16.2,16.2,16.3,16.3,16.2,16.5,16.2,16.3,16.2,16.3,16.3,16.4,16.3,16.2,16.2,16.1,16.3,16.2,16.3,16.1,16.1,16.6,16.2,16.1,16.2,16.1,16.2,16.1,16.3,16.2,16.3,16.5,16.2,16.3,16.3,16.2,16.3,16.4,16.2,16.3,16.0,16.2,16.3,16.4,16.4,16.2,16.4,16.2,16.1,16.2,16.3,16.1,16.2,16.2,16.4,16.3,16.3,16.4,16.3,16.3,16.1,16.4,16.3,16.2,16.3,16.2,16.3,16.1,16.4,16.1,16.1,16.3,16.1,16.2,16.4,16.2,16.4,16.4,16.4,16.3,16.3,16.3,16.3,16.3,16.3,16.1,16.3,16.3,16.2,16.2,16.2,16.1,16.4,16.1,16.4,16.5,16.3,16.2,16.2,16.2,16.2,16.2,16.2,16.3,16.3,16.4,16.2,16.2,16.1,16.2,16.3,16.4,16.2,16.4,16.3,16.3,16.2,16.3,16.2,16.3,16.2,16.3,16.2,16.3,16.2,16.2,16.3,16.3,16.3,16.3,16.4,16.3,16.2,16.2,16.2,16.2,16.4,16.2,16.5,16.2,16.3,16.3,16.4,16.3,16.4,16.3,16.2,16.2,16.2,16.2,16.2,16.3,16.1,16.3,16.4,16.6,16.2,16.2,16.1,16.1,16.3,16.3,16.3,16.3,16.2,16.2,16.4,16.4,16.3,16.2,16.2,16.3,16.2,16.3,16.4,16.1,16.5,16.2,16.3,16.1,16.3,16.2,16.2,16.2,16.3,16.3,16.2,16.3,16.2,16.3,16.2,16.3,16.3,16.4,16.2,16.3,16.4,16.3,16.3,16.3,16.2,16.1,16.2,16.4,16.2,16.3,16.4,16.2,16.3,16.2,16.1,16.3,16.3,16.3,16.3,16.3,16.3,16.2,16.3,16.2,16.1,16.1,16.2,16.3,16.3,16.4,16.1,16.3,16.3,16.4,16.2,16.3,16.4,16.1,16.5,16.3,16.3,16.3,16.2,16.1,16.2,16.2,16.3,16.3,16.3,16.3,16.4,16.4,16.4,16.3,16.4,16.5,16.1,16.2,16.3,16.2,16.3,16.4,16.2,16.2,16.3,16.3,16.2,16.2,16.4,16.2,16.3,16.4,16.4,16.7,16.7,16.4,16.3,16.2,16.1,16.1,16.5,16.2,16.1,16.1,16.3,16.2,16.4,16.5,16.2,16.1,16.2,16.3,16.5,16.2,16.2,16.3,16.4,16.4,16.4,16.2,16.2,16.2,16.2,16.5,16.5,16.2,16.5,16.2,16.0,16.2,16.3,16.1,16.2,16.1,16.2,16.3,16.2,16.3,16.4,16.3,16.2,16.2,16.3,16.2,16.1,16.1,16.2,16.4,16.2,16.3,16.2,16.3,16.6,16.2,16.1,16.2,16.2,16.2,16.2,16.2,16.5,16.4,16.3,16.2,16.4,16.2,16.3,16.3,16.3,16.4,16.1,16.3,16.4,16.3,16.1,16.3,16.2,16.2,16.2,16.2,16.3,16.4,16.3,16.3,16.3,16.2,16.3,16.3,16.2,16.2,16.6,16.3,16.2,16.3,16.2,16.2,16.3,16.1,16.1,16.3,16.3,16.3,16.2,16.2,16.2,16.3,16.1,16.2,16.4,16.3,16.3,16.3,16.3,16.3,16.1,16.1,16.2,16.3,16.5,16.2,16.2,16.2,16.2,16.3,16.3,16.3,16.3,16.2,16.4,16.0,16.3,16.3,16.2,16.3,16.3,16.3,16.3,16.4
17.8,17.9,18.0,17.6,17.6,17.7,17.8,17.8,17.9,17.9,17.9,17.8,17.9,17.8,17.9,17.8,17.8,18.1,17.8,17.8,17.7,17.8,17.8,17.7,17.7,17.8,17.9,17.9,18.0,17.8,17.7,17.9,17.7,17.9,17.7,17.9,18.0,17.9,17.8,17.8,18.0,17.9,17.9,17.9,17.9,17.9,17.8,17.7,18.0,17.8,17.9,17.8,18.0,17.9,17.8,17.8,17.8,17.7,17.8,17.7,17.8,17.7,17.7,17.7,17.6,17.9,17.8,17.7,17.7,17.8,17.7,17.9,17.9,17.9,17.9,17.8,17.9,18.1,17.8,18.1,17.8,18.0,17.8,17.8,17.8,17.9,17.8,17.8,17.9,17.8,17.9,17.6,17.9,17.8,17.7,17.8,17.8,17.9,17.7,17.7,17.8,17.7,17.7,17.9,17.7,17.9,17.8,17.9,17.8,17.9,17.8,18.2,17.8,17.7,17.8,17.6,17.9,17.7,17.8,17.8,17.9,17.8,17.7,17.7,17.7,17.8,17.8,17.8,17.9,17.9,18.0,17.9,17.7,17.8,17.6,18.0,17.9,18.0,17.7,17.8,17.9,18.1,17.9,17.8,17.7,17.8,17.9,17.9,17.9,17.8,17.7,17.7,17.8,17.8,17.9,17.9,17.9,18.0,17.7,17.9,17.7,17.7,17.8,17.9,17.9,17.7,17.7,17.8,17.8,17.6,17.8,17.9,17.6,17.9,17.8,17.8,17.8,18.0,18.0,17.7,17.7,17.8,17.7,17.6,17.9,17.9,18.0,17.7,17.7,17.8,17.8,18.0,17.7,17.8,17.9,17.6,17.7,17.7,17.8,17.8,17.7,17.7,17.9,17.9,17.7,17.7,17.6,17.9,17.9,17.9,17.9,17.9,17.8,18.0,17.9,17.8,17.8,17.9,17.7,18.0,17.8,18.1,17.7,17.8,17.9,17.8,17.8,17.8,17.8,17.7,17.8,17.7,17.8,18.0,17.9,17.7,17.8,17.8,17.8,17.9,17.9,17.9,18.0,17.9,17.8,17.8,17.6,17.9,17.8,17.8,17.8,17.8,17.9,18.1,17.8,17.9,17.7,17.7,18.0,17.7,17.8,17.9,17.8,18.0,17.9,18.0,17.8,17.8,17.8,17.8,17.7,17.8,17.6,17.7,17.8,17.8,17.7,17.7,17.7,17.8,17.7,17.8,17.7,17.9,17.7,17.9,17.8,17.9,17.7,17.8,18.0,18.1,17.9,17.9,17.9,18.0,18.0,18.0,17.6,17.7,17.7,17.9,17.7,17.9,17.9,17.8,17.9,17.7,17.6,18.2,17.6,17.9,17.8,18.0,17.8,17.8,17.7,17.7,17.7,17.9,17.8,17.8,17.9,17.9,17.7,17.9,17.7,17.8,17.9,17.7,17.9,17.8,17.9,17.9,17.7,17.6,17.9,17.8,17.8,17.8,17.8,17.9,17.8,18.0,17.7,17.9,18.0,17.8,18.0,17.8,17.8,17.8,17.8,17.9,17.9,17.7,17.9,17.9,17.8,17.8,17.7,17.8,17.9,17.8,17.8,17.8,17.9,19.2,18.1,17.8,17.7,17.6,17.6,17.7,17.9,17.6,17.7,17.7,17.7,17.8,17.8,17.8,17.7,17.7,17.7,17.6,17.9,17.7,17.7,17.7,18.0,17.9,17.9,17.7,17.7,17.9,17.8,18.1,17.8,17.9,17.8,17.8,17.9,18.0,17.8,17.8,18.1,17.7,17.7,17.7,17.8,17.8,17.9,17.9,17.8,17.8,17.9,17.7,17.8,17.8,17.6,17.8,17.9,17.7,17.8,17.8,17.9,17.9,17.8,17.7,17.8,17.7,17.8,17.9,17.8,17.8,18.0,17.7,17.7,17.8,17.9,17.8,17.8,17.9,17.9,17.8,17.9,17.8,17.9,18.0,17.7,17.6,17.7,17.8,18.0,17.8,17.9,17.9,17.9,18.0,17.9,17.7,17.7,17.9,17.8,17.9,18.0,17.8,17.7,17.8,17.9,17.6,17.8,17.7,17.7,17.7,17.6,17.9,18.1,17.7,17.9,17.9,17.8,17.9,17.9,17.8,17.7,17.8,17.6,17.8,17.8,17.8,17.9,17.8,17.7,17.7,17.8,17.6,17.9,17.8,17.8,17.9,17.9,17.8,17.8,17.7,17.7,17.9,17.9,17.8,17.9,17.7
18.5,18.5,18.7,18.4,18.4,18.4,18.4,18.5,18.6,18.6,18.7,18.7,18.4,18.4,18.5,18.3,18.4,18.5,18.6,18.5,18.6,18.5,18.4,18.5,18.5,18.6,18.6,18.5,18.5,18.6,18.3,18.6,18.4,18.4,18.5,18.5,18.5,18.6,18.6,18.4,18.6,18.6,18.7,18.5,18.4,18.5,18.3,18.4,18.5,18.4,18.5,18.6,18.6,18.5,18.7,18.5,18.5,18.4,18.6,18.5,18.5,18.4,18.4,18.4,18.6,18.4,18.5,18.5,18.3,18.4,18.3,18.5,18.5,18.6,18.7,18.6,18.6,18.6,18.4,18.6,18.4,18.5,18.6,18.4,18.3,18.5,18.3,18.4,18.7,18.6,18.4,18.4,18.5,18.5,18.5,18.4,18.5,18.4,18.3,18.5,18.4,18.4,18.5,18.5,18.3,18.5,18.6,18.6,18.5,18.5,18.3,18.4,18.3,18.5,18.4,18.5,18.5,18.4,18.5,18.7,18.4,18.4,18.3,18.4,18.2,18.3,18.4,18.4,18.5,18.4,18.5,18.4,18.4,18.5,18.5,18.4,18.5,18.7,18.4,18.3,18.7,18.7,18.4,18.4,18.5,18.4,18.4,18.4,18.5,18.4,18.4,18.5,18.5,18.5,18.6,18.5,18.5,18.5,18.4,18.5,18.5,18.4,18.5,18.7,18.5,18.4,18.3,18.5,18.4,18.4,18.4,18.4,18.4,18.5,18.5,18.5,18.4,18.3,18.5,18.4,18.5,18.4,18.6,18.6,18.6,18.5,18.5,18.4,18.4,18.5,18.4,18.5,18.7,18.5,18.7,18.4,18.3,18.4,18.5,18.4,18.5,18.4,18.5,18.5,18.5,18.4,18.4,18.3,18.6,18.5,18.6,18.6,18.5,18.5,18.4,18.6,18.4,18.5,18.5,18.5,18.4,18.5,18.3,18.6,18.8,18.6,18.4,18.5,18.5,18.4,18.4,18.4,18.5,18.6,18.5,18.5,18.7,18.3,18.3,18.5,18.6,18.7,18.6,18.6,18.4,18.4,18.4,18.4,18.5,18.5,18.3,18.4,18.4,18.9,18.4,18.5,18.4,18.4,18.5,18.5,18.4,18.6,18.4,18.4,18.6,18.5,18.5,18.4,18.5,18.6,18.4,18.5,18.4,18.3,18.5,18.6,18.3,18.7,18.7,18.4,18.6,18.7,18.6,18.6,18.7,18.4,18.3,18.5,18.3,18.7,18.6,18.5,18.5,18.6,18.7,18.6,18.4,18.6,18.5,18.3,18.5,18.4,18.3,18.3,18.4,18.8,18.5,18.5,18.5,18.7,18.5,18.6,18.7,18.5,18.5,18.6,18.5,18.3,18.3,18.5,18.4,18.4,18.6,18.5,18.3,18.4,18.4,18.5,18.6,18.4,18.7,18.4,18.5,18.5,18.4,18.5,18.4,18.3,18.4,18.5,18.6,18.4,18.5,18.6,18.6,18.5,18.5,18.6,18.5,18.6,18.4,18.7,18.5,18.4,18.4,18.5,18.6,18.6,18.4,18.4,18.4,18.3,18.5,18.5,18.4,18.4,18.5,19.6,18.5,18.4,18.4,18.3,18.3,18.4,18.4,18.4,18.3,18.6,18.4,18.4,18.3,18.4,18.4,18.3,18.5,18.4,18.4,18.4,18.4,18.5,18.3,18.5,18.5,18.4,18.4,18.7,18.3,18.6,18.5,18.4,18.5,18.5,18.5,18.4,18.5,18.5,18.6,18.5,18.4,18.4,18.5,18.5,18.5,18.6,18.6,18.5,18.5,18.4,18.3,18.6,18.4,18.5,18.6,18.5,18.3,18.4,18.6,18.6,18.5,18.4,18.4,18.7,18.5,18.5,18.5,18.6,18.5,18.4,18.5,18.5,18.5,18.5,18.6,18.4,18.4,18.6,18.6,18.4,18.4,18.4,18.3,18.3,18.4,18.4,18.5,18.5,18.5,18.7,18.6,18.4,18.5,18.6,18.4,18.4,18.6,18.5,18.6,18.4,18.4,18.5,18.4,18.5,18.5,18.6,18.4,18.3,18.5,18.6,18.5,18.5,18.5,18.4,18.4,18.4,18.7,18.5,18.5,18.3,18.3,18.5,18.5,18.5,18.6,18.5,18.5,18.3,18.3,18.5,18.3,18.4,18.4,18.4,18.6,18.4,18.7,18.4,18.3,18.4,18.6,18.3,18.6,18.3
20.0,20.0,19.9,19.9,19.9,19.7,19.9,20.3,20.0,20.0,19.9,20.1,19.9,19.8,19.8,19.9,19.8,19.9,20.1,20.0,19.9,20.0,20.0,19.7,19.9,19.8,19.9,20.0,20.1,19.9,19.9,20.0,20.1,19.8,19.8,20.0,20.0,20.0,19.9,20.1,20.0,20.2,20.0,20.1,20.1,20.0,19.9,19.8,20.0,19.8,20.1,20.0,20.1,20.0,20.0,20.1,20.0,19.8,19.9,19.9,20.0,19.8,19.8,19.8,20.0,19.8,19.9,19.8,19.9,20.1,19.7,19.9,19.8,20.0,20.1,20.1,19.9,19.9,19.9,19.9,19.7,19.9,20.0,19.8,19.9,19.9,19.8,19.9,20.0,19.9,19.9,20.1,20.1,20.0,19.7,19.9,19.9,19.8,19.9,19.9,19.9,19.8,20.0,20.0,19.9,19.8,19.9,20.1,20.1,20.0,19.9,19.9,19.8,19.9,19.9,19.9,19.9,20.0,19.8,19.9,20.0,19.8,19.7,19.8,19.9,19.8,20.0,19.8,20.1,19.9,19.9,20.0,20.1,20.0,19.8,19.9,20.0,19.9,19.8,19.9,20.0,20.0,20.1,19.7,19.8,19.9,19.9,20.0,19.8,19.9,19.8,19.8,19.9,19.8,20.0,20.0,20.0,19.9,19.9,19.9,19.8,19.8,20.1,20.0,19.9,19.7,19.9,19.8,19.8,19.6,19.7,19.9,19.9,19.9,19.9,19.9,19.8,19.8,20.0,19.8,19.8,20.0,19.9,19.9,20.1,19.9,19.8,19.9,20.2,19.8,19.8,19.9,19.9,19.8,20.0,19.8,20.0,19.8,20.0,19.9,19.8,19.9,20.1,20.0,20.1,19.7,19.9,19.9,20.0,19.8,20.0,20.0,20.1,20.0,20.1,20.1,19.9,19.9,19.8,20.1,20.1,19.9,19.9,19.9,19.9,19.8,20.0,19.9,19.8,19.7,20.0,19.9,20.1,19.9,19.8,19.9,20.0,19.8,19.8,19.8,20.1,20.0,20.0,20.0,19.9,19.8,19.9,20.0,19.9,19.9,19.9,19.9,19.8,20.0,19.8,19.9,19.8,19.7,20.0,19.8,20.1,20.0,19.8,19.9,20.0,20.1,19.9,20.0,20.0,19.8,19.9,19.8,19.8,19.7,19.8,20.0,19.8,19.9,19.9,19.9,20.1,19.9,19.9,20.1,20.0,19.9,20.0,19.8,20.0,19.9,20.0,20.1,20.0,20.0,19.9,20.0,20.0,20.0,19.8,20.0,19.8,19.7,19.9,19.9,19.7,19.7,20.1,19.9,19.8,19.9,19.9,20.1,19.9,19.8,19.9,20.0,19.9,19.7,19.8,20.2,19.9,19.8,19.8,19.8,19.8,20.0,20.0,20.0,20.2,19.7,19.9,19.9,20.0,19.9,19.9,19.9,19.8,19.9,20.0,20.0,19.9,19.8,20.0,20.1,19.9,19.7,20.0,19.9,20.0,19.9,19.9,20.1,19.9,19.7,20.0,19.9,20.1,20.1,19.8,19.9,20.0,19.9,19.9,19.9,19.9,20.1,20.1,21.1,20.0,19.8,19.8,19.8,19.9,19.8,19.9,19.8,19.8,19.9,19.8,19.8,19.8,19.8,19.9,19.9,20.0,19.7,20.1,20.0,20.0,19.8,19.9,20.0,19.8,19.8,19.8,20.0,20.1,19.9,19.9,19.9,19.9,19.9,19.8,19.9,19.9,19.9,19.9,19.8,19.8,19.8,19.9,19.8,19.9,19.9,20.0,19.9,19.9,19.7,19.9,20.0,20.0,19.9,19.9,19.8,20.1,20.0,20.0,20.0,19.8,19.8,19.8,20.0,19.8,19.8,20.1,20.0,19.9,20.0,19.8,19.8,20.0,19.9,19.8,19.8,19.9,19.9,20.0,19.8,20.1,20.0,19.9,19.9,20.0,19.6,19.9,20.0,20.1,20.0,19.9,20.0,20.0,19.9,20.0,19.9,19.9,20.0,20.1,20.0,20.0,19.8,19.7,19.9,19.8,20.0,19.8,19.9,19.9,19.9,20.0,20.1,20.0,19.9,19.9,19.8,20.0,19.6,20.0,19.9,19.8,19.9,19.8,20.0,20.1,19.9,19.7,19.9,19.9,19.7,19.9,19.9,20.1,19.8,19.9,19.9,20.0,19.7,19.8,19.9,20.0,19.8,19.9,19.8
20.5,20.6,20.5,20.3,20.5,20.6,20.6,20.6,20.6,20.5,20.5,20.3,20.6,20.7,20.6,20.3,20.5,20.6,20.6,20.5,20.4,20.8,20.4,20.4,20.5,20.7,20.5,20.6,20.5,20.8,20.3,20.6,20.7,20.6,20.7,20.6,20.7,20.8,20.4,20.4,20.7,20.7,20.6,20.5,20.7,20.6,20.5,20.4,20.6,20.6,20.6,20.6,20.6,20.5,20.5,20.4,20.4,20.4,20.5,20.3,20.6,20.5,20.5,20.4,20.6,20.5,20.3,20.3,20.6,20.6,20.4,20.5,20.5,20.7,20.5,20.8,20.5,20.5,20.4,20.6,20.7,20.6,20.5,20.3,20.5,20.6,20.4,20.4,20.7,20.5,20.4,20.3,20.5,20.5,20.5,20.5,20.6,20.6,20.4,20.4,20.6,20.5,20.3,20.6,20.5,20.5,20.8,20.6,20.6,20.6,20.4,20.3,20.6,20.4,20.4,20.4,20.6,20.7,20.3,20.4,20.5,20.4,20.5,20.3,20.5,20.5,20.5,20.4,20.6,20.8,20.5,20.5,20.5,20.7,20.4,20.3,20.6,20.6,20.5,20.5,20.6,20.6,20.7,20.5,20.5,20.6,20.4,20.6,20.9,20.4,20.4,20.4,20.6,20.7,20.6,20.6,20.6,20.7,20.4,20.4,20.4,20.5,20.6,20.6,20.6,20.7,20.4,20.5,20.4,20.3,20.5,20.6,20.5,20.6,20.6,20.5,20.6,20.5,20.5,20.4,20.6,20.5,20.5,20.4,20.5,20.6,20.4,20.4,20.8,20.4,20.3,20.4,20.6,20.5,20.6,20.4,20.4,20.7,20.6,20.4,20.6,20.6,20.4,20.7,20.7,20.4,20.4,20.5,20.6,20.6,20.5,20.5,20.6,20.7,20.4,20.5,20.6,20.6,20.4,20.5,20.5,20.7,20.5,20.6,20.7,20.6,20.6,20.6,20.4,20.5,20.5,20.4,20.5,20.5,20.3,20.3,20.6,20.5,20.3,20.4,20.6,20.6,20.5,20.5,20.5,20.8,20.6,20.5,20.5,20.5,20.4,20.7,20.5,20.7,20.4,20.3,20.5,20.4,20.5,20.4,20.6,20.6,20.4,20.3,20.7,20.7,20.5,20.4,20.5,20.7,20.6,20.4,20.5,20.4,20.5,20.5,20.5,20.4,20.5,20.5,20.9,20.7,20.4,20.5,20.4,20.6,20.4,20.4,20.5,20.6,20.6,20.5,20.7,20.5,20.5,20.4,20.7,20.5,20.4,20.4,20.5,20.6,20.4,20.5,20.5,20.5,20.3,20.5,20.6,20.6,20.5,20.6,20.6,20.6,20.3,20.5,20.5,20.4,20.5,20.5,20.5,20.5,20.6,20.4,20.4,20.7,20.6,20.6,20.9,20.6,20.6,20.5,20.8,20.5,20.4,20.6,20.6,20.4,20.6,20.5,20.5,20.7,20.4,20.6,20.5,20.6,20.3,20.5,20.7,20.5,20.8,20.6,20.3,20.5,20.4,20.4,20.5,20.5,20.4,20.3,20.4,20.5,20.6,20.3,20.6,20.7,20.4,21.2,20.6,20.4,20.5,20.4,20.6,20.6,20.3,20.3,20.6,20.5,20.3,20.3,20.4,20.3,20.6,20.4,20.6,20.4,20.7,20.5,20.5,20.6,20.4,20.4,20.5,20.7,20.4,20.5,20.6,20.7,20.4,20.4,20.6,20.6,20.4,20.6,20.6,20.7,20.4,20.6,20.4,20.6,20.5,20.5,20.6,20.6,20.4,20.5,20.7,20.5,20.3,20.3,20.4,20.6,20.6,20.5,20.5,20.7,20.4,20.5,20.5,20.4,20.3,20.3,20.5,20.6,20.6,20.6,20.6,20.9,20.5,20.5,20.7,20.6,20.4,20.5,20.6,20.5,20.4,20.5,20.6,20.5,20.3,20.6,20.4,20.4,20.6,20.5,20.7,20.7,20.6,20.5,20.7,20.7,20.5,20.4,20.7,20.6,20.5,20.4,20.5,20.5,20.4,20.3,20.4,20.8,20.5,20.3,20.5,20.7,20.4,20.5,20.6,20.5,20.7,20.3,20.6,20.6,20.4,20.5,20.5,20.5,20.4,20.3,20.6,20.8,20.4,20.4,20.7,20.5,20.3,20.3,20.7,20.6,20.5,20.3,20.7,20.5,20.4,20.5,20.6,20.6,20.5,20.5
22.1,22.0,22.1,21.9,21.8,21.9,22.0,22.1,22.1,22.1,22.1,21.8,22.0,22.1,22.2,21.9,21.9,22.0,22.0,22.0,21.9,22.1,21.8,21.9,21.9,22.0,22.0,22.0,22.1,22.2,22.0,22.0,22.0,21.9,22.0,22.0,22.0,21.8,21.8,22.0,22.0,22.5,22.0,22.0,21.8,22.0,21.8,22.0,22.0,21.9,22.0,22.2,22.1,21.9,22.2,22.1,22.0,21.7,21.8,21.9,22.1,21.8,21.9,21.8,21.8,21.9,21.9,22.0,21.9,22.0,22.0,21.9,21.9,22.3,22.0,22.2,22.0,23.0,21.9,22.0,21.8,22.0,22.1,21.9,21.8,22.0,22.1,22.0,22.0,21.8,21.9,22.0,22.1,22.0,22.0,22.1,21.9,21.9,21.7,21.9,22.0,21.8,21.8,22.0,22.3,21.9,22.2,22.0,22.0,21.9,21.9,21.8,21.8,21.9,21.8,21.8,22.1,22.1,21.9,21.9,21.9,21.9,21.7,21.9,21.8,21.8,22.0,22.0,22.1,21.8,22.1,22.4,21.8,21.9,21.8,21.8,21.9,22.0,21.8,22.2,22.0,22.0,22.0,21.9,22.0,21.9,21.9,22.0,22.0,21.8,21.8,21.8,22.0,22.0,21.9,22.1,22.2,21.8,22.0,21.8,21.9,21.8,22.1,21.9,22.1,22.1,21.8,22.0,21.8,21.7,21.9,22.0,22.1,21.9,21.9,22.0,22.1,22.0,22.0,21.8,21.7,22.0,22.0,21.9,22.3,22.0,21.9,21.9,22.1,22.0,22.0,21.9,22.1,21.9,22.0,21.8,21.9,21.9,22.0,21.7,22.0,22.0,21.9,21.9,22.0,21.8,21.8,21.8,21.8,22.1,22.0,22.1,21.9,22.0,21.8,22.0,21.9,22.0,21.8,22.1,21.9,22.3,21.9,22.0,22.1,22.0,22.0,22.0,21.7,21.8,22.0,21.9,21.8,21.8,22.0,22.1,22.1,21.9,21.8,21.9,21.9,22.0,22.2,22.0,22.0,21.7,21.8,22.0,22.1,22.0,21.8,21.8,21.9,22.0,22.0,22.2,22.0,22.0,22.0,22.0,22.0,22.0,22.0,22.0,22.0,22.1,22.0,22.0,21.9,22.0,22.1,21.9,21.8,22.0,21.8,22.0,21.9,21.8,22.0,21.9,22.1,21.8,22.0,22.1,21.9,21.9,22.0,21.9,22.0,22.1,22.0,22.0,21.9,21.8,22.2,22.1,22.1,21.8,21.8,21.8,21.8,21.7,21.9,21.7,21.9,21.9,21.9,21.8,21.9,22.0,22.0,22.1,22.1,21.9,22.0,22.0,21.9,21.8,21.8,22.1,22.0,21.8,21.9,21.9,21.8,21.9,22.0,21.9,22.0,21.9,22.1,21.8,21.9,21.9,22.0,22.1,21.9,21.9,21.9,22.0,22.0,22.0,22.0,22.1,21.9,21.8,21.9,22.0,22.1,21.9,22.0,21.9,22.0,22.0,22.1,21.8,21.9,21.9,21.8,21.9,22.0,21.8,22.1,21.8,21.8,22.1,22.0,22.4,22.0,21.9,22.1,21.8,22.1,21.8,21.9,21.9,21.8,22.0,21.8,21.8,21.9,22.0,22.3,22.0,22.1,21.8,21.8,21.7,21.9,21.9,21.9,22.1,21.9,22.2,21.7,21.8,22.0,22.1,21.8,21.7,22.0,21.7,22.0,22.0,22.3,21.8,21.9,21.9,21.8,21.9,21.8,21.8,22.2,21.9,22.0,22.1,21.8,21.8,21.8,21.8,21.8,22.0,22.1,22.1,21.9,21.8,21.8,21.9,21.9,21.9,21.9,22.0,22.0,22.1,22.1,21.9,22.1,22.1,21.8,21.9,22.1,21.8,21.8,21.9,22.2,21.9,21.9,21.9,22.0,21.7,22.2,21.9,21.9,21.9,22.1,22.0,22.0,22.3,22.0,22.1,22.0,22.0,21.8,22.1,22.0,21.9,22.1,21.9,21.9,22.0,21.7,22.0,22.0,22.4,21.8,21.8,21.9,22.1,21.9,22.1,22.1,21.9,21.9,21.9,22.0,22.1,21.8,22.0,21.9,22.0,22.0,22.0,22.2,22.3,22.1,21.8,21.8,21.8,21.8,21.8,22.0,21.9,21.9,21.9,21.9,22.0,21.7,22.0,22.1,22.1,21.9,21.9
22.7,22.6,22.5,22.3,22.6,22.5,22.5,22.6,22.6,22.5,22.8,22.5,22.6,22.4,22.6,22.4,22.4,22.6,22.6,22.5,22.5,22.4,22.5,22.4,22.4,22.6,22.6,22.7,22.6,22.4,22.6,22.7,22.7,22.4,22.6,22.5,22.6,22.5,22.5,22.4,22.6,22.4,22.6,22.7,22.4,22.7,22.4,22.4,22.7,22.5,22.6,22.6,22.6,22.4,22.5,22.6,22.4,22.5,22.5,22.4,22.6,22.5,22.5,22.5,22.4,22.4,22.6,22.4,22.6,22.6,22.7,22.6,22.6,22.5,22.6,22.7,22.7,23.5,22.5,22.6,22.7,22.7,22.5,22.4,22.3,22.6,22.5,22.7,22.6,22.5,22.4,22.5,22.6,22.4,22.5,22.7,22.3,22.6,22.4,22.4,22.5,22.5,22.4,22.5,22.4,22.5,22.6,22.6,22.7,22.5,22.5,22.4,22.6,22.3,22.4,22.5,22.6,22.5,22.5,22.5,22.4,22.4,22.4,22.4,22.5,22.5,22.5,22.7,22.6,22.4,22.5,22.7,22.4,22.7,22.5,22.4,22.6,22.4,22.3,22.7,22.6,22.6,22.8,22.4,22.6,22.4,22.4,22.4,22.5,22.5,22.4,22.4,22.5,22.6,22.7,22.6,22.5,22.5,22.6,22.6,22.5,22.4,22.4,22.5,22.6,22.5,22.4,22.5,22.3,22.3,22.3,22.5,22.5,22.5,22.5,22.6,22.6,22.5,22.6,22.4,22.3,22.5,22.4,22.6,22.5,22.6,22.5,22.5,22.6,22.6,22.4,22.5,22.6,22.5,22.6,22.5,22.3,22.4,22.6,22.5,22.6,22.4,22.5,22.5,22.6,22.6,22.4,22.6,22.6,22.6,22.5,22.5,22.7,22.6,22.6,22.5,22.4,22.4,22.5,22.6,22.8,22.6,22.4,22.8,22.5,22.6,22.6,22.6,22.4,22.4,22.7,22.5,22.4,22.5,22.6,22.7,22.5,22.4,22.5,22.5,22.7,22.7,22.6,22.6,22.4,22.4,22.5,22.6,22.5,22.5,22.4,22.4,22.4,22.6,22.5,22.5,22.4,22.5,22.6,22.3,22.7,22.7,22.3,22.4,22.6,22.5,22.4,22.4,22.6,22.7,22.8,22.4,22.3,22.4,22.4,22.6,22.6,22.6,22.8,22.4,22.5,22.6,22.6,22.6,22.4,22.6,22.4,22.3,22.5,22.6,22.6,22.4,22.4,22.4,22.8,22.6,22.5,22.5,22.3,22.5,22.4,22.5,22.5,22.5,22.5,22.3,22.4,22.5,22.4,22.5,22.4,22.6,22.7,22.6,22.5,22.6,22.4,22.4,22.5,22.5,22.6,22.6,22.5,22.5,22.9,22.7,22.6,22.7,22.7,22.4,22.5,22.5,22.9,22.4,22.5,22.5,22.4,22.5,22.3,22.6,22.6,22.7,22.5,22.6,22.5,22.5,22.4,22.4,22.6,22.4,22.6,22.5,22.6,22.3,22.5,22.5,22.5,22.4,22.5,22.3,22.6,22.4,22.5,22.5,22.5,22.6,22.7,23.0,22.3,22.3,22.6,22.4,22.4,22.4,22.6,22.4,22.4,22.7,22.5,22.4,22.4,22.3,22.3,22.4,22.6,22.4,22.5,22.5,22.5,22.8,22.5,22.6,22.6,22.7,22.5,22.5,22.7,22.7,22.5,22.4,22.7,22.5,22.5,22.6,22.4,22.4,22.5,22.5,22.5,22.3,22.7,22.9,22.6,22.6,22.4,22.6,22.5,22.4,22.5,22.5,22.4,22.7,22.7,22.5,22.4,22.5,22.7,22.7,22.5,22.5,22.5,22.3,22.5,22.4,22.6,22.5,22.5,22.5,22.6,22.6,22.7,22.7,22.5,22.5,22.5,22.6,22.5,22.5,22.6,22.5,22.6,22.4,22.5,22.5,22.4,22.6,22.6,22.7,22.6,22.6,22.5,22.6,22.7,22.4,22.5,22.6,22.5,22.5,22.4,22.6,22.3,22.4,22.6,22.9,22.5,22.6,22.5,22.6,22.7,22.6,22.6,22.5,22.7,22.6,22.7,22.4,22.5,22.5,22.4,22.5,22.4,22.5,22.5,22.7,22.6,22.3,22.5,22.5,22.5,22.6,22.6,22.4,22.6,22.5,22.5,22.6,22.9,22.7,22.6,22.5,22.5,22.5
24.1,24.1,24.1,24.1,23.8,23.7,23.9,24.0,24.0,24.0,23.8,23.9,24.0,23.9,24.2,23.9,24.1,23.9,24.0,23.8,23.9,23.9,23.8,23.9,23.9,23.9,24.0,23.9,24.1,24.0,23.9,24.0,24.1,23.7,24.0,24.0,23.9,24.0,23.9,23.9,24.0,23.8,23.9,24.0,24.1,23.8,23.8,23.9,23.9,23.8,23.9,24.0,24.1,23.9,23.9,23.9,23.8,23.9,24.2,23.9,23.9,23.9,24.0,24.0,23.8,23.8,23.7,23.8,23.9,24.0,23.9,23.8,23.9,24.0,24.0,24.0,24.0,23.9,23.9,23.8,23.9,23.9,23.9,23.8,23.9,24.0,24.0,24.0,24.1,23.8,23.8,23.8,24.0,23.8,24.0,23.9,23.9,24.0,23.8,23.8,24.0,23.9,23.9,24.0,23.9,23.9,24.3,24.1,23.9,24.0,23.8,24.1,23.9,23.9,24.0,24.0,24.0,24.0,23.9,24.0,24.1,23.8,23.7,23.7,23.9,23.7,24.1,23.9,24.1,24.0,24.0,23.9,23.9,23.9,23.9,23.8,24.0,23.9,23.9,24.0,24.1,24.1,24.0,23.7,23.8,23.8,23.9,24.0,24.0,23.7,24.0,23.9,24.1,23.9,24.0,24.0,24.1,23.8,24.1,23.8,23.8,23.7,24.0,24.0,23.9,23.7,23.6,23.9,23.8,23.7,23.8,23.9,23.9,23.9,24.0,23.9,23.9,24.1,24.0,23.9,23.9,24.0,23.9,24.0,24.0,23.9,24.0,23.8,23.9,24.0,23.9,23.9,24.0,23.9,24.0,23.8,23.9,23.9,23.8,23.9,23.9,23.9,23.8,24.0,24.0,23.9,23.7,23.7,23.8,24.0,24.1,24.0,23.8,24.0,24.1,23.8,23.8,23.9,23.9,24.0,24.1,24.1,23.8,24.0,24.0,24.0,23.9,24.0,23.9,23.9,24.0,23.9,23.7,23.9,23.9,23.8,24.1,23.9,23.8,24.0,24.0,24.0,24.0,24.0,23.8,24.0,23.9,23.9,24.1,23.9,23.8,24.0,23.9,24.2,24.3,23.9,24.0,24.1,24.7,24.1,24.0,24.0,23.8,23.8,24.0,24.0,23.8,23.9,23.8,24.0,24.0,23.7,23.9,23.9,24.0,24.1,24.0,23.9,23.9,23.9,24.0,24.0,24.0,24.0,23.7,24.1,23.8,23.8,23.9,24.5,24.1,24.0,23.8,23.7,23.9,23.9,23.9,23.8,23.9,23.9,24.2,23.8,23.9,23.9,24.0,23.9,23.9,23.8,23.9,24.0,24.0,23.9,23.9,24.0,24.0,23.9,23.8,23.9,24.1,23.8,23.8,24.0,23.8,24.1,23.9,24.0,24.0,23.8,24.1,23.9,24.0,23.8,23.9,23.9,24.0,23.9,23.9,23.8,23.8,23.9,24.0,24.0,24.1,24.1,24.0,23.9,23.9,23.7,24.1,23.9,24.0,23.9,23.9,23.8,23.9,23.8,23.9,23.8,23.9,23.9,24.0,23.8,24.0,24.1,24.1,23.9,23.9,24.4,23.8,24.1,24.0,23.8,24.0,23.9,24.0,23.8,23.8,23.8,23.8,23.7,23.9,23.8,23.9,23.8,23.9,23.8,23.8,23.7,23.8,24.0,23.8,24.1,24.0,23.9,23.8,23.8,24.0,23.9,23.9,24.0,23.9,23.9,23.7,24.1,23.8,23.9,23.9,24.0,23.8,23.8,24.1,24.1,24.0,23.9,23.9,24.0,23.8,23.9,23.8,23.7,23.7,23.9,23.9,23.9,23.9,23.9,24.0,24.0,23.9,23.8,23.7,23.8,23.9,24.1,24.1,24.0,24.1,24.1,24.1,23.9,23.9,23.7,23.8,23.7,24.2,24.0,23.8,23.8,24.1,23.8,23.7,23.8,23.9,23.8,23.9,24.1,24.1,24.0,23.9,24.0,24.0,24.0,24.0,23.8,24.1,24.1,24.0,23.8,23.8,24.0,23.8,23.9,23.8,24.5,23.7,23.9,23.9,24.0,24.1,24.1,24.1,24.1,23.9,24.0,23.9,23.9,24.0,24.0,23.9,24.0,23.9,24.1,23.8,24.0,23.9,24.2,23.8,23.9,23.7,23.8,23.8,23.9,24.0,23.8,23.8,23.9,24.0,23.9,24.1,24.1,23.8,23.9
24.6,24.4,24.3,24.5,24.4,24.5,24.4,24.6,24.5,24.7,24.6,24.5,24.6,24.4,24.4,24.3,24.5,24.7,24.7,24.4,24.4,24.5,24.5,24.5,24.3,24.5,24.6,24.7,24.6,24.4,24.4,24.7,24.9,24.5,24.7,24.6,24.8,24.6,24.8,24.5,24.6,24.4,24.6,24.8,24.6,24.6,24.3,24.4,24.6,24.5,24.5,24.6,24.5,24.6,24.5,24.7,24.4,24.4,24.6,24.5,24.6,24.4,24.4,24.3,24.5,24.5,24.4,24.4,24.6,24.3,24.5,24.6,24.6,24.5,24.6,24.7,25.4,24.5,24.3,24.4,24.6,24.6,24.6,24.4,24.4,24.5,24.5,24.6,24.6,24.5,24.5,24.6,24.6,24.5,24.4,24.4,24.4,24.6,24.4,24.5,24.7,24.5,24.4,24.4,24.5,24.5,24.5,24.7,24.5,24.5,24.4,24.4,24.4,24.4,24.5,24.5,24.5,24.4,24.4,24.5,24.6,24.4,24.3,24.5,24.4,24.4,24.6,24.6,24.6,24.6,24.6,24.7,24.5,24.8,24.4,24.5,24.6,24.6,24.5,24.7,24.6,24.6,24.7,24.4,24.6,24.5,24.7,24.7,24.6,24.4,24.4,24.4,24.3,24.7,24.7,24.5,24.6,24.5,24.5,24.4,24.6,24.5,24.5,24.5,24.5,24.5,24.4,24.4,24.4,24.5,24.4,24.5,24.4,24.6,24.5,24.5,24.4,24.6,24.4,24.5,24.4,24.7,24.5,24.6,24.6,24.5,24.6,24.4,24.6,24.4,24.4,24.3,24.6,24.5,24.7,24.4,24.4,24.5,24.4,24.5,24.7,24.6,24.6,24.6,24.6,24.4,24.4,24.5,24.5,24.7,24.5,24.5,24.4,24.7,24.6,24.6,24.6,24.3,24.7,24.5,24.6,24.5,24.5,24.6,24.7,24.6,24.4,24.6,24.4,24.5,24.5,24.5,24.6,24.6,24.5,24.5,24.8,24.4,24.5,24.8,24.8,24.7,24.7,24.5,24.5,24.5,24.4,24.5,24.5,24.4,24.8,24.4,24.9,25.2,24.5,24.6,24.4,24.5,24.3,24.6,24.6,24.6,24.5,24.7,24.6,24.6,24.3,24.5,24.5,24.7,24.4,24.5,24.4,24.6,24.4,24.6,24.6,24.5,24.7,24.3,24.5,24.6,24.6,24.5,24.4,24.6,24.4,24.4,24.7,24.6,24.7,24.7,24.6,24.6,24.6,24.7,24.6,24.4,24.4,24.5,24.5,24.4,24.5,24.6,24.5,24.6,24.5,24.4,24.6,24.6,24.5,24.6,24.3,24.4,24.5,24.6,24.4,24.5,24.6,24.4,24.5,24.6,24.7,24.6,24.3,24.4,24.4,24.5,24.6,24.5,24.5,24.4,24.4,24.5,24.5,24.6,24.4,24.5,24.4,24.4,24.6,24.5,24.5,24.6,24.7,24.6,24.6,24.5,24.6,24.4,25.2,24.5,24.7,24.4,24.6,24.5,25.0,24.5,24.6,24.5,24.6,24.5,24.6,24.5,24.7,24.6,25.2,25.1,24.4,24.4,24.5,24.3,24.6,24.5,24.5,24.4,24.4,24.5,24.6,24.4,24.4,24.3,24.5,24.4,24.4,24.5,24.5,24.4,24.6,24.7,24.5,24.6,24.5,24.6,24.8,24.5,24.6,24.7,24.5,24.5,24.4,24.4,24.4,24.4,24.4,24.3,24.4,24.4,24.3,24.4,24.5,24.8,24.7,24.5,24.4,24.6,24.5,24.4,24.4,24.6,24.6,24.7,24.7,24.4,24.5,24.7,24.7,24.6,24.4,24.4,24.5,24.4,24.5,24.4,24.6,24.6,24.6,24.4,24.6,24.6,24.9,24.4,24.5,24.5,24.6,24.7,24.5,24.4,24.5,24.6,24.5,24.6,24.6,24.6,24.5,24.6,24.7,24.7,24.6,24.6,24.7,24.7,24.8,24.7,24.7,24.6,24.6,24.5,24.4,24.6,24.7,24.4,24.5,24.6,24.4,24.5,24.4,24.6,24.6,24.5,24.6,24.6,24.7,24.6,24.4,24.4,24.5,24.6,24.4,24.4,24.6,24.7,24.8,24.5,24.4,24.6,24.4,24.5,24.4,24.4,24.6,24.5,24.4,24.4,24.5,24.4,24.5,24.7,24.7,24.5,24.4,24.5
